COD_AREA_PROGR;ZONA_SANITARIA;NOM_A_PROGRAMA;COD_LOC;NOM_LOC;TIENE_ESCU;COD_LOC_IN;TIPO;GEOM900913;wkt_geom;CLASIFICACION_PROV;CodProv;CodDepart;CodLoc;Establec;NOMBRE_ENT
42;2;ALUMINE;58007001;ABRA ANCHA;t;;PARAJE;"SRID=900913;POINT(-7896402.58571219 -4766812.69305971)";POINT(-70.934591 -39.314438);paraje;58;007;000;HOSP.ALUMINE;ABRA ANCHA
23;2;BAJADA DEL AGRIO;58105001;AGRIO DEL MEDIO;t;;PARAJE;"SRID=900913;POINT(-7787503.72287764 -4628977.96888744)";POINT(-69.956336 -38.349931);paraje;58;105;000;HOSP.BAJADA DEL AGRIO;AGRIO DEL MEDIO
32;3;BUTA RANQUIL;58091001;AGUA CALIENTE;f;;PARAJE;"SRID=900913;POINT(-7790696.78955707 -4428698.28655748)";POINT(-69.985020 -36.925290);paraje;58;091;000;HOSP.BUTA RANQUIL;AGUAS CALIENTES
20;2;ZAPALA;58021001;AGUA DEL OVERO;t;;PARAJE;"SRID=900913;POINT(-7809582.96231756 -4766819.87716454)";POINT(-70.154677 -39.314488);paraje;;;;;
32;3;BUTA RANQUIL;58091002;AGUADA CHACAYCO;t;;PARAJE;"SRID=900913;POINT(-7801199.16311054 -4493117.75432826)";POINT(-70.079364 -37.386500);paraje;;;;;
44;4;LAS COLORADAS;58021002;AGUADA DEL FLORENCIO;t;;PARAJE;"SRID=900913;POINT(-7823736.20069502 -4793185.34499588)";POINT(-70.281818 -39.497490);paraje;;;;;
20;2;ZAPALA;58112001;AGUADA DEL LUCERO;f;;PARAJE;"SRID=900913;POINT(-7793254.9114555 -4696273.73231526)";POINT(-70.008000 -38.822470);paraje;;;;;
08;1;AÑELO;58014012;AGUADA SAN ROQUE;t;;PARAJE;"SRID=900913;POINT(-7674020.38426679 -4579970.03490557)";POINT(-68.936898 -38.003852);comision de fomento;58;014;000;C.S.AÑELO;AGUADA SAN ROQUE
05;5;CUTRALCO-PLAZA H.;58035041;AGUADA TOLEDO;t;;PARAJE;"SRID=900913;POINT(-7670031.83863141 -4685236.1361293)";POINT(-68.901068 -38.745179);paraje;;;;;
42;2;ALUMINE;58007003;ALUMINE;t;58007010;LOCALIDAD SIMPLE;"SRID=900913;POINT(-7894607.25730158 -4755500.23332009)";POINT(-70.918464 -39.235771);municipio 2;58;007;010;HOSP.ALUMINE;ALUMINE
33;3;ANDACOLLO;58077002;ANDACOLLO;t;58077010;LOCALIDAD SIMPLE;"SRID=900913;POINT(-7866246.92447088 -4464416.02051795)";POINT(-70.663698 -37.181358);municipio 2;58;077;010;HOSP.ANDACOLLO;ANDACOLLO
34;3;LAS OVEJAS;58077003;ANTIÑIR (RAI);f;;PARAJE;"SRID=900913;POINT(-7875348.96089657 -4418344.87504993)";POINT(-70.745463 -36.850903);paraje;;;;;
20;2;ZAPALA;58112003;ANTIPAN (RAI);f;;PARAJE;"SRID=900913;POINT(-7763290.85992751 -4733755.03138631)";POINT(-69.738828 -39.084307);paraje;;;;;
08;1;AÑELO;58014016;AÑELO;t;58014010;LOCALIDAD SIMPLE;"SRID=900913;POINT(-7658917.1381776 -4628842.44813966)";POINT(-68.801223 -38.348976);municipio 2;58;014;010;C.S.AÑELO;AÑELO
31;3;TRICAO MALAL;58042001;AQUIHUECO;t;;PARAJE;"SRID=900913;POINT(-7838135.14526953 -4445399.61392309)";POINT(-70.411166 -37.045133);paraje;58;042;000;HOSP.TRICAO MALAL;AQUIHUECO
10;1;SENILLOSA;58035002;ARROYITO;t;58035010;LOCALIDAD SIMPLE;"SRID=900913;POINT(-7634165.36868879 -4733146.62358961)";POINT(-68.578874 -39.080065);paraje;58;035;010;HOSP.SENILLOSA;ARROYITO
31;3;TRICAO MALAL;58042002;ARROYO BLANCO;t;;PARAJE;"SRID=900913;POINT(-7823891.8120145 -4476344.83578149)";POINT(-70.283216 -37.266686);paraje;58;042;000;HOSP.TRICAO MALAL;ARROYO BLANCA
41;4;JUNIN DE LOS ANDES;58049002;ATREUCO (RAI);t;;PARAJE;"SRID=900913;POINT(-7913313.62442598 -4830637.21090399)";POINT(-71.086506 -39.756616);paraje;58;049;000;HOSP.JUNIN DE LOS ANDES;ATREUCO
41;4;JUNIN DE LOS ANDES;58049039;ATREUCO ARRIBA;t;;PARAJE;"SRID=900913;POINT(-7913174.83466747 -4830717.08808057)";POINT(-71.085259 -39.757168);paraje;;;;;
18;1;RINCON DE LOS SAUCES;58014015;AUCA MAHUIDA;t;;PARAJE;"SRID=900913;POINT(-7626998.13843864 -4563620.85713856)";POINT(-68.514490 -37.888034);paraje;58;014;000;HOSP.RINCON DE LOS SAUCES;AUCA MAHUIDA
41;4;JUNIN DE LOS ANDES;58049003;AUCAPAN (RAI);t;;PARAJE;"SRID=900913;POINT(-7911747.27352199 -4820406.17351454)";POINT(-71.072435 -39.685925);paraje;58;049;000;HOSP.JUNIN DE LOS ANDES;AUCAPAN
41;4;JUNIN DE LOS ANDES;58049042;AUCAPAN ABAJO;t;;PARAJE;"SRID=900913;POINT(-7906728.87305489 -4807308.00509283)";POINT(-71.027354 -39.595317);paraje;;;;;
40;4;SAN MARTIN DE LOS ANDES;58056002;AUQUINCO;f;;PARAJE;"SRID=900913;POINT(-7910373.03452419 -4895130.05812704)";POINT(-71.060090 -40.200560);paraje;;;;;
20;2;ZAPALA;58021005;BAJADA DE LOS MOLLES;t;;PARAJE;"SRID=900913;POINT(-7818774.68206304 -4752258.11048641)";POINT(-70.237248 -39.213209);paraje;;;;;
20;2;ZAPALA;58112005;BAJADA DE LOS MOLLES;f;;PARAJE;"SRID=900913;POINT(-7820367.88663311 -4746303.23100499)";POINT(-70.251560 -39.171750);paraje;;;;;
23;2;BAJADA DEL AGRIO;58105003;BAJADA DEL AGRIO;t;58105010;LOCALIDAD SIMPLE;"SRID=900913;POINT(-7793435.71018696 -4640056.10763265)";POINT(-70.009624 -38.427934);municipio 3;58;105;010;HOSP.BAJADA DEL AGRIO;BAJADA DEL AGRIO
23;2;BAJADA DEL AGRIO;58105048;BAJADA VIEJA;t;;PARAJE;"SRID=900913;POINT(-7801852.39724808 -4647200.42463929)";POINT(-70.085233 -38.478193);paraje;58;105;000;HOSP.BAJADA DEL AGRIO;BAJADA VIEJA
20;2;ZAPALA;58112006;BARDA NEGRA;t;;PARAJE;"SRID=900913;POINT(-7771070.89419685 -4736370.60576628)";POINT(-69.808718 -39.102543);paraje;58;112;000;HOSP.ZAPALA;BARDA NEGRA
32;3;BUTA RANQUIL;58091006;BARRANCAS;t;58091010;LOCALIDAD SIMPLE;"SRID=900913;POINT(-7782921.18002939 -4413547.91293393)";POINT(-69.915171 -36.816413);municipio 3;58;091;010;HOSP.BUTA RANQUIL;BARRANCAS
10;1;SENILLOSA;58035044;BARRIO RUCA LUHE;f;58035020;COMPONENTE;"SRID=900913;POINT(-7634902.50912469 -4732411.04122072)";POINT(-68.585496 -39.074935);paraje;;;;;
44;4;LAS COLORADAS;58021006;BELISLE;f;;PARAJE;"SRID=900913;POINT(-7869472.02721693 -4772084.82785576)";POINT(-70.692670 -39.351070);paraje;;;;;
34;3;LAS OVEJAS;58077007;BELLA VISTA;t;;PARAJE;"SRID=900913;POINT(-7881419.94813208 -4443753.99658162)";POINT(-70.800000 -37.033333);paraje;58;077;000;HOSP.LAS OVEJAS;BELLA VISTA
32;3;BUTA RANQUIL;58091008;BUTA RANQUIL;t;58091020;LOCALIDAD SIMPLE;"SRID=900913;POINT(-7778403.63616086 -4446087.5337518)";POINT(-69.874589 -37.050065);municipio 2;58;091;020;HOSP.BUTA RANQUIL;BUTA RANQUIL
32;3;BUTA RANQUIL;58091009;BUTACO;t;;PARAJE;"SRID=900913;POINT(-7771307.67579325 -4426166.90028175)";POINT(-69.810845 -36.907109);paraje;58;091;000;HOSP.BUTA RANQUIL;BUTACO
34;3;LAS OVEJAS;58077010;BUTALON NORTE;t;;PARAJE;"SRID=900913;POINT(-7874391.79208576 -4440093.97270046)";POINT(-70.736865 -37.007082);paraje;58;077;000;HOSP.LAS OVEJAS;BUTALON NORTE
30;3;CHOS MALAL;58042005;CAEPE MALAL;t;;PARAJE;"SRID=900913;POINT(-7835515.23564949 -4462990.1188081)";POINT(-70.387631 -37.171152);paraje;58;042;000;HOSP.CHOS MALAL;CAEPE MALAL
31;3;TRICAO MALAL;58042006;CAJON CURILEUVU;t;;PARAJE;"SRID=900913;POINT(-7838747.51378759 -4457708.0190573)";POINT(-70.416667 -37.133333);paraje;58;042;000;HOSP.TRICAO MALAL;CAJON DEL CURILEUVU
24;2;LONCOPUE;58063004;CAJON DE ALMAZA;t;;PARAJE;"SRID=900913;POINT(-7850932.49423988 -4601367.21677898)";POINT(-70.526127 -38.155155);paraje;58;063;000;HOSP.LONCOPUE;CAJON DE ALMAZA
25;2;EL HUECU;58084002;CAJON DEL HUECU;f;;PARAJE;"SRID=900913;POINT(-7857370.07037387 -4525410.94409998)";POINT(-70.583956 -37.616643);paraje;;;;;
40;4;SAN MARTIN DE LOS ANDES;58056003;CALEUFU;f;;PARAJE;"SRID=900913;POINT(-7922638.21601979 -4939649.49115144)";POINT(-71.170270 -40.505330);paraje;58;056;000;HOSP.SAN MARTIN DE LOS ANDES;CALEUFU
20;2;ZAPALA;58112008;CALFUCURA (RAI);f;;PARAJE;"SRID=900913;POINT(-7795041.7318615 -4725633.62966022)";POINT(-70.024051 -39.027655);paraje;;;;;
24;2;LONCOPUE;58063005;CAMPANA MAHUIDA;t;;PARAJE;"SRID=900913;POINT(-7859146.99172461 -4607715.75588415)";POINT(-70.599919 -38.199986);paraje;;;;;
31;3;TRICAO MALAL;58042007;CANCHA HUINGANCO;t;;PARAJE;"SRID=900913;POINT(-7838747.5137885 -4439106.78725151)";POINT(-70.416667 -37.000000);paraje;58;042;000;HOSP.TRICAO MALAL;CANCHA HUINGANCO
16;5;PIEDRA DEL AGUILA;58028002;CARRAN CURA;t;;PARAJE;"SRID=900913;POINT(-7827658.0887389 -4868273.58778584)";POINT(-70.317049 -40.016041);paraje;58;028;000;HOSP.PIEDRA DEL AGUILA;CARRAN CURA
42;2;ALUMINE;58007036;CARRI LIL;t;;PARAJE;"SRID=900913;POINT(-7895136.78809116 -4755997.47035293)";POINT(-70.923220 -39.239231);paraje;58;007;000;HOSP.ALUMINE;CARRI LIL
20;2;ZAPALA;58112056;CARRO QUEBRADO;t;;PARAJE;"SRID=900913;POINT(-7763290.85991859 -4733755.03138103)";POINT(-69.738828 -39.084307);paraje;;;;;
20;2;ZAPALA;58021008;CASA DE PIEDRA;f;;PARAJE;"SRID=900913;POINT(-7847943.95089241 -4751320.09766621)";POINT(-70.499280 -39.206680);paraje;;;;;
44;4;LAS COLORADAS;58021009;CATAN LIL;f;;PARAJE;"SRID=900913;POINT(-7859983.15382171 -4828674.4078764)";POINT(-70.607430 -39.743060);paraje;58;021;000;HOSP.LAS COLORADAS;CATAN LIL
44;4;LAS COLORADAS;58021010;CATATUN;f;;PARAJE;"SRID=900913;POINT(-7875355.26230535 -4775423.77762063)";POINT(-70.745520 -39.374260);paraje;;;;;
24;2;LONCOPUE;58084003;CAVIAHUE;t;58084010;LOCALIDAD SIMPLE;"SRID=900913;POINT(-7910105.75426935 -4561526.78156184)";POINT(-71.057689 -37.873187);municipio 3;58;084;010;HOSP.LONCOPUE;CAVIAHUE
33;3;ANDACOLLO;58077011;CAYANTA;t;;PARAJE;"SRID=900913;POINT(-7879564.58617862 -4462363.54929381)";POINT(-70.783333 -37.166667);paraje;58;077;000;HOSP.ANDACOLLO;CAYANTA
13;1;CENTENARIO;58035006;CENTENARIO;t;58035030;LOCALIDAD SIMPLE;"SRID=900913;POINT(-7584555.39342404 -4693062.30885448)";POINT(-68.133220 -38.799991);municipio 1;58;035;030;HOSP.CENTENARIO;CENTENARIO
35;3;EL CHOLAR;58084004;CHACAICO;f;;PARAJE;"SRID=900913;POINT(-7889218.99168875 -4489117.14050814)";POINT(-70.870060 -37.357940);paraje;;;;;
30;3;CHOS MALAL;58042041;CHACAY MELEHUE/EL ALAMITO;t;;PARAJE;"SRID=900913;POINT(-7833181.53924895 -4471680.49509147)";POINT(-70.366667 -37.233333);paraje;58;042;000;HOSP.CHOS MALAL;CHACAY MELEHUE
41;4;JUNIN DE LOS ANDES;58049006;CHACAYAL;f;;PARAJE;"SRID=900913;POINT(-7898470.75456857 -4871009.33355553)";POINT(-70.953170 -40.034860);paraje;;;;;
30;3;CHOS MALAL;58042013;CHACAYCO;f;;PARAJE;"SRID=900913;POINT(-7801423.53568991 -4490040.10480717)";POINT(-70.349922 -39.333320);paraje;;;;;
20;2;ZAPALA;58021016;CHACAYCO;t;;PARAJE;"SRID=900913;POINT(-7831317.49158619 -4769529.88970088)";POINT(-70.081380 -37.364530);paraje;;;;;
42;2;ALUMINE;58007040;CHACRA 8;t;;PARAJE;"SRID=900913;POINT(-7894606.85496456 -4755500.09122165)";POINT(-70.918460 -39.235770);paraje;;;;;
05;5;CUTRALCO-PLAZA H.;58035042;CHACRAS DE MONTE HERMOSO;t;;PARAJE;"SRID=900913;POINT(-7705164.12484687 -4712126.59078595)";POINT(-69.216667 -38.933333);paraje;;;;;
05;5;CUTRALCO-PLAZA H.;58035008;CHALLACO;t;;PARAJE;"SRID=900913;POINT(-7676628.15741332 -4715286.9570243)";POINT(-68.960324 -38.955414);paraje;58;035;000;HOSP.C.CO-PZA HUINCUL;CHALLACO
40;4;SAN MARTIN DE LOS ANDES;58056009;CHAPELCO;f;;PARAJE;"SRID=900913;POINT(-7927951.49531536 -4880202.34027143)";POINT(-71.218000 -40.098060);paraje;58;056;000;HOSP.SAN MARTIN DE LOS ANDES;CHAPELCO
31;3;TRICAO MALAL;58042014;CHAPUA;t;;PARAJE;"SRID=900913;POINT(-7825760.20275805 -4476342.19695524)";POINT(-70.300000 -37.266667);paraje;58;042;000;HOSP.TRICAO MALAL;CHAPUA
33;3;ANDACOLLO;58077014;CHARRA RUCA;t;;PARAJE;"SRID=900913;POINT(-7860957.72176404 -4458320.42333596)";POINT(-70.616185 -37.137719);paraje;58;077;000;HOSP.ANDACOLLO;CHARRA RUCA
40;4;SAN MARTIN DE LOS ANDES;58056012;CHIMEHUIN;f;;PARAJE;"SRID=900913;POINT(-7891955.22477244 -4879284.110771)";POINT(-70.894640 -40.091750);paraje;58;056;000;HOSP.SAN MARTIN DE LOS ANDES;CHIMEHUIN
10;1;SENILLOSA;58035043;CHINA MUERTA;t;;PARAJE;"SRID=900913;POINT(-7613034.4325102 -4719272.89895919)";POINT(-68.389052 -38.983252);paraje;58;035;000;HOSP.SENILLOSA;CHINA MUERTA
41;4;JUNIN DE LOS ANDES;58049007;CHIQUILIHUIN (RAI);t;;PARAJE;"SRID=900913;POINT(-7927636.49211525 -4811335.58741047)";POINT(-71.215170 -39.623191);paraje;58;049;000;HOSP.JUNIN DE LOS ANDES;CHIQUILIHUIN
30;3;CHOS MALAL;58063007;CHORRIACA;t;58063010;LOCALIDAD SIMPLE;"SRID=900913;POINT(-7804337.5724011 -4570360.50683809)";POINT(-70.107557 -37.935800);comision de fomento;58;063;010;HOSP.CHOS MALAL;CHORRIACA
30;3;CHOS MALAL;58042015;CHOS MALAL;t;58042010;LOCALIDAD SIMPLE;"SRID=900913;POINT(-7822336.85086216 -4492181.61042343)";POINT(-70.269248 -37.379818);municipio 1;58;042;010;HOSP.CHOS MALAL;CHOS MALAL
32;3;BUTA RANQUIL;58042016;COCHICO;t;;PARAJE;"SRID=900913;POINT(-7839067.89128739 -4346203.14942067)";POINT(-70.419545 -36.330570);paraje;58;091;000;HOSP.BUTA RANQUIL;COCHICO
22;2;LAS LAJAS;58105006;CODIHUE;f;;PARAJE;"SRID=900913;POINT(-7847568.80420844 -4647167.30979399)";POINT(-70.495910 -38.477960);paraje;58;105;000;HOSP.LAS LAJAS;CODIHUE
24;2;LONCOPUE;58063008;COIHUECO;f;;PARAJE;"SRID=900913;POINT(-7810333.547733 -4587621.09701844)";POINT(-70.161420 -38.057990);paraje;58;063;000;HOSP.LONCOPUE;COIHUECO
25;2;EL HUECU;58084009;COLIPILLI;t;;PARAJE;"SRID=900913;POINT(-7836882.95884543 -4546518.59119683)";POINT(-70.399917 -37.766686);paraje;58;084;000;HOSP.EL HUECU;COLIPILLI
25;2;EL HUECU;58084046;COLIPILLI ABAJO;t;;PARAJE;"SRID=900913;POINT(-7826969.90272004 -4544124.82978719)";POINT(-70.310867 -37.749685);paraje;;;;;
34;3;LAS OVEJAS;58077015;COLOMICHICO;t;;PARAJE;"SRID=900913;POINT(-7867103.43484015 -4428680.13139011)";POINT(-70.671393 -36.925160);paraje;58;077;000;HOSP.LAS OVEJAS;COLLI MICHICO
41;4;JUNIN DE LOS ANDES;58049043;CONFLUENCIA DEL MALLEO;t;;PARAJE;"SRID=900913;POINT(-7907394.45879917 -4834506.59462501)";POINT(-71.033333 -39.783333);paraje;;;;;
24;2;LONCOPUE;58084010;COPAHUE;f;58084020;LOCALIDAD SIMPLE;"SRID=900913;POINT(-7914740.09814801 -4554354.49658301)";POINT(-71.099320 -37.822310);municipio 3;58;084;020;HOSP.LONCOPUE;COPAHUE
43;4;VILLA LA ANGOSTURA;58070007;CORRENTOSO;f;;PARAJE;"SRID=900913;POINT(-7979072.74507235 -4972233.62221528)";POINT(-71.677230 -40.727520);paraje;58;070;000;HOSP.VILLA LA ANGOSTURA;CORRENTOSO
32;3;BUTA RANQUIL;58091015;CORTADERA;f;;PARAJE;"SRID=900913;POINT(-7754078.24306062 -4526474.46320811)";POINT(-69.656070 -37.624210);paraje;58;091;000;HOSP.BUTA RANQUIL;CORTADERAS
44;4;LAS COLORADAS;58021049;COSTA DEL CATAN LIL;t;;PARAJE;"SRID=900913;POINT(-7861079.19128679 -4829603.7283616)";POINT(-70.617276 -39.749479);paraje;;;;;
41;4;JUNIN DE LOS ANDES;58049009;COSTA DEL MALLEO;t;;PARAJE;"SRID=900913;POINT(-7907394.45885821 -4834506.59449679)";POINT(-71.033333 -39.783333);paraje;;;;;
21;2;MARIANO MORENO;58112011;COVUNCO ABAJO;t;;PARAJE;"SRID=900913;POINT(-7771403.94580851 -4667894.316833)";POINT(-69.811709 -38.623574);paraje;58;112;020;HOSP.MARIANO MORENO;COVUNCO CENTRO
21;2;MARIANO MORENO;58105008;COVUNCO ABAJO;f;;PARAJE;"SRID=900913;POINT(-7774494.23767211 -4666751.07008248)";POINT(-69.839470 -38.615550);comision de fomento;58;112;020;HOSP.MARIANO MORENO;COVUNCO CENTRO
20;2;ZAPALA;58112012;COVUNCO ARRIBA;t;;PARAJE;"SRID=900913;POINT(-7811978.93260035 -4696123.39789287)";POINT(-70.176201 -38.821418);comision de fomento;;;;;COVUNCO CENTRO
21;2;MARIANO MORENO;58112013;COVUNCO CENTRO;t;58112020;ENTIDAD;"SRID=900913;POINT(-7796243.82601247 -4685450.11951942)";POINT(-70.034850 -38.746678);comision de fomento;58;112;020;HOSP.MARIANO MORENO;COVUNCO CENTRO
21;2;MARIANO MORENO;58105009;COVUNCO CENTRO;f;;PARAJE;"SRID=900913;POINT(-7796371.85719771 -4685390.39338893)";POINT(-70.036000 -38.746260);comision de fomento;58;112;020;HOSP.MARIANO MORENO;COVUNCO CENTRO
32;3;BUTA RANQUIL;58042018;COYUCO;t;;PARAJE;"SRID=900913;POINT(-7800379.91546168 -4393834.40766798)";POINT(-70.072005 -36.674511);comision de fomento;58;091;000;HOSP.BUTA RANQUIL;COYUCO
43;4;VILLA LA ANGOSTURA;58070008;CUMELEN;f;;PARAJE;"SRID=900913;POINT(-7972905.64528241 -4980758.67057033)";POINT(-71.621830 -40.785530);paraje;;;;;
33;3;ANDACOLLO;58077017;CURA MALLIN;t;;PARAJE;"SRID=900913;POINT(-7858475.88789605 -4468983.34432163)";POINT(-70.593890 -37.214040);paraje;58;077;000;HOSP.ANDACOLLO;CURA MALLIN
42;2;ALUMINE;58007009;CURRUMIL (RAI);f;;PARAJE;"SRID=900913;POINT(-7918771.02917451 -4774499.47874415)";POINT(-71.135530 -39.367841);paraje;;;;;
42;2;ALUMINE;58007038;CURRUMIL QUILLEN;t;;PARAJE;"SRID=900913;POINT(-7918813.62310061 -4775249.60160403)";POINT(-71.135913 -39.373050);paraje;58;007;000;HOSP.ALUMINE;CURRUMIL
05;5;CUTRALCO-PLAZA H.;58035014;CUTRAL CO;t;58035040;COMPONENTE;"SRID=900913;POINT(-7706489.35084427 -4712727.05118026)";POINT(-69.228572 -38.937529);municipio 1;58;035;040;HOSP.C.CO-PZA HUINCUL;CUTRAL CO
43;4;VILLA LA ANGOSTURA;58070009;CUYIN MANZANO;t;;PARAJE;"SRID=900913;POINT(-7920704.70762188 -4975788.96076644)";POINT(-71.152901 -40.751719);paraje;58;070;000;HOSP.VILLA LA ANGOSTURA;CULLIN MANZANO
20;2;ZAPALA;58112054;EL CHENQUE;t;;PARAJE;"SRID=900913;POINT(-7765323.5846473 -4747512.75371623)";POINT(-69.757089 -39.180173);paraje;;;;;EL CHENQUE
20;2;ZAPALA;58098006;EL CHENQUE;f;;PARAJE;"SRID=900913;POINT(-7765810.90249018 -4747242.17711153)";POINT(-69.761466 -39.178289);paraje;;;;;
09;1;CHOCON;58035016;EL CHOCON;f;58035050;LOCALIDAD SIMPLE;"SRID=900913;POINT(-7663641.57572544 -4759712.12841659)";POINT(-68.843664 -39.265071);municipio 3;58;035;050;HOSP.EL CHOCON;EL CHOCON
35;3;EL CHOLAR;58084013;EL CHOLAR;t;58084030;LOCALIDAD SIMPLE;"SRID=900913;POINT(-7864012.17123201 -4500707.87519635)";POINT(-70.643623 -37.440656);municipio 3;58;084;030;HOSP.EL CHOLAR;EL CHOLAR
25;2;EL HUECU;58084014;EL CORTADERAL;f;;PARAJE;"SRID=900913;POINT(-7832609.28387257 -4530710.76367408)";POINT(-70.361526 -37.654345);paraje;;;;;
25;2;EL HUECU;58084015;EL HUECU;t;58084040;LOCALIDAD SIMPLE;"SRID=900913;POINT(-7857310.32577773 -4528913.26953319)";POINT(-70.583420 -37.641560);municipio 3;58;084;040;HOSP.EL HUECU;EL HUECU
33;3;ANDACOLLO;58077022;EL MANZANO;f;;PARAJE;"SRID=900913;POINT(-7861288.93144871 -4455179.1610969)";POINT(-70.063190 -38.988670);paraje;;;;;
20;2;ZAPALA;58112016;EL MANZANO;f;;PARAJE;"SRID=900913;POINT(-7799398.63415238 -4720048.77721169)";POINT(-70.619160 -37.115220);paraje;;;;;
44;4;LAS COLORADAS;58021020;EL RINCON;f;;PARAJE;"SRID=900913;POINT(-7850053.45524295 -4835373.90115296)";POINT(-70.518230 -39.789320);paraje;;;;;EL RINCON
44;4;LAS COLORADAS;58021021;EL SALITRAL;t;;PARAJE;"SRID=900913;POINT(-7864263.83346876 -4843679.93501505)";POINT(-70.645884 -39.846630);paraje;58;021;000;HOSP.LAS COLORADAS;EL SALITRAL
20;2;ZAPALA;58112018;EL SALITRAL;f;;PARAJE;"SRID=900913;POINT(-7803780.16931 -4710602.18983223)";POINT(-70.102550 -38.922680);paraje;;;;;
17;5;PICUN LEUFU;58098007;EL SAUCE;t;;PARAJE;"SRID=900913;POINT(-7745044.73013416 -4778654.54993735)";POINT(-70.196460 -39.688189);comision de fomento;58;098;000;HOSP.PICUN LEUFU;EL SAUCE
16;5;PIEDRA DEL AGUILA;58021022;EL SAUCE;t;;PARAJE;"SRID=900913;POINT(-7814234.18267174 -4820733.67574511)";POINT(-69.574921 -39.396691);comision de fomento;58;021;000;HOSP.PIEDRA DEL AGUILA;EL SAUCE
43;4;VILLA LA ANGOSTURA;58070013;ESPEJO;f;;PARAJE;"SRID=900913;POINT(-7981026.40213577 -4966484.40604526)";POINT(-71.694780 -40.688370);paraje;;;;;
44;4;LAS COLORADAS;58021023;ESPINAZO DEL ZORRO;f;;PARAJE;"SRID=900913;POINT(-7860993.93479811 -4763481.23325221)";POINT(-70.616510 -39.291280);paraje;58;021;000;HOSP.LAS COLORADAS;ESPINAZO DEL ZORRO
16;5;PIEDRA DEL AGUILA;58028007;ESTANCIA COLLON CURA;f;;PARAJE;"SRID=900913;POINT(-7832843.46136083 -4887653.99007747)";POINT(-70.363630 -40.149246);paraje;;;;;
40;4;SAN MARTIN DE LOS ANDES;58056045;ESTANCIA SANTA LUCIA;t;;PARAJE;"SRID=900913;POINT(-7936352.72450973 -4915087.82938747)";POINT(-71.293470 -40.337357);paraje;;;;;
16;5;PIEDRA DEL AGUILA;58028012;ESTANCIA YUNCON;f;;PARAJE;"SRID=900913;POINT(-7801781.77437483 -4907122.24228335)";POINT(-70.084598 -40.282791);paraje;;;;;
33;3;ANDACOLLO;58077023;GUANACOS;t;;PARAJE;"SRID=900913;POINT(-7873998.6116411 -4481005.82292855)";POINT(-70.733333 -37.300000);comision de fomento;58;077;000;HOSP.ANDACOLLO;GUAÑACOS
42;2;ALUMINE;58007015;HARAS PULMARI;t;;PARAJE;"SRID=900913;POINT(-7908757.89993436 -4736678.34340748)";POINT(-71.045581 -39.104688);paraje;;;;;
16;5;PIEDRA DEL AGUILA;58028014;HUAIQUIMIL;f;;PARAJE;"SRID=900913;POINT(-7826598.43853281 -4899325.52603287)";POINT(-70.307530 -40.229340);paraje;;;;;
24;2;LONCOPUE;58084019;HUALCUPEN;t;;PARAJE;"SRID=900913;POINT(-7863316.77019166 -4577542.09164619)";POINT(-70.637376 -37.986664);paraje;58;063;000;HOSP.LONCOPUE;HUALCUPEN
24;2;LONCOPUE;58063012;HUALCUPEN;f;;PARAJE;"SRID=900913;POINT(-7863445.18998538 -4577480.75628019)";POINT(-70.638530 -37.986230);paraje;;;;;
32;3;BUTA RANQUIL;58091022;HUANTRAICO;f;;PARAJE;"SRID=900913;POINT(-7754835.21559801 -4503505.836299)";POINT(-69.662870 -37.460610);paraje;58;091;000;HOSP.BUTA RANQUIL;HUANTRAICO
33;3;ANDACOLLO;58077024;HUARACO;t;;PARAJE;"SRID=900913;POINT(-7865409.99009031 -4463791.82473528)";POINT(-70.656180 -37.176891);paraje;;;;;
24;2;LONCOPUE;58063013;HUARENCHENQUE;t;;PARAJE;"SRID=900913;POINT(-7861000.98821284 -4617163.02229759)";POINT(-70.616573 -38.266648);paraje;58;063;000;HOSP.LONCOPUE;HUARENCHENQUE
43;4;VILLA LA ANGOSTURA;58070017;HUEMUL;f;;PARAJE;"SRID=900913;POINT(-7949099.97217626 -5015724.42215467)";POINT(-71.407980 -41.022930);paraje;58;070;000;HOSP.VILLA LA ANGOSTURA;HUEMUL
41;4;JUNIN DE LOS ANDES;58049035;HUILQUI MENUCO;t;;PARAJE;"SRID=900913;POINT(-7895996.90143393 -4837445.48583099)";POINT(-70.930947 -39.803618);paraje;58;049;000;HOSP.JUNIN DE LOS ANDES;HUILQUIMENUCOS
33;3;ANDACOLLO;58077026;HUINGANCO;t;58077020;LOCALIDAD SIMPLE;"SRID=900913;POINT(-7862418.44232425 -4461120.54233948)";POINT(-70.629307 -37.157768);municipio 3;58;077;020;HOSP.ANDACOLLO;HUINGANCO
32;3;BUTA RANQUIL;58091024;HUITRIN;f;;PARAJE;"SRID=900913;POINT(-7783933.01729647 -4531550.93102718)";POINT(-69.924260 -37.660320);paraje;;;;;
24;2;LONCOPUE;58063015;HUNCAL;t;;PARAJE;"SRID=900913;POINT(-7830217.3383489 -4575180.05094435)";POINT(-70.340039 -37.969939);paraje;58;063;000;HOSP.LONCOPUE;HUNCAL
34;3;LAS OVEJAS;58077027;INVERNADA VIEJA;t;;PARAJE;"SRID=900913;POINT(-7871837.16218941 -4425785.83581692)";POINT(-70.713916 -36.904372);paraje;58;077;000;HOSP.LAS OVEJAS;INVERNADA VIEJA
43;4;VILLA LA ANGOSTURA;58070018;ISLA VICTORIA;t;;PARAJE;"SRID=900913;POINT(-7975563.02805557 -4994396.69143927)";POINT(-71.645702 -40.878227);paraje;58;070;000;HOSP.VILLA LA ANGOSTURA;ISLA VICTORIA
41;4;JUNIN DE LOS ANDES;58049013;JUNIN DE LOS ANDES;t;58049010;LOCALIDAD SIMPLE;"SRID=900913;POINT(-7912951.89702783 -4858677.0623427)";POINT(-71.083256 -39.949986);municipio 1;58;049;010;HOSP.JUNIN DE LOS ANDES;JUNIN DE LOS ANDES
20;2;ZAPALA;58112055;LA AMARGA;t;;PARAJE;"SRID=900913;POINT(-7746395.75755221 -4736921.27068079)";POINT(-69.587057 -39.106381);paraje;58;112;000;HOSP.ZAPALA;LA AMARGA
42;2;ALUMINE;58007017;LA ANGOSTURA DE ICALMA;t;;PARAJE;"SRID=900913;POINT(-7921817.42867179 -4700419.88871657)";POINT(-71.162897 -38.851482);paraje;58;007;000;HOSP.ALUMINE;LA ANGOSTURA (ICALMA)
22;2;LAS LAJAS;58105015;LA BUITRERA;t;58105020;LOCALIDAD SIMPLE;"SRID=900913;POINT(-7829458.20524428 -4657414.47660517)";POINT(-70.333220 -38.549987);paraje;58;105;020;HOSP.LAS LAJAS;LA BUITRERA
35;3;EL CHOLAR;58084021;LA GREDA;f;;PARAJE;"SRID=900913;POINT(-7860225.83031164 -4510880.9099696)";POINT(-70.609610 -37.513180);paraje;;;;;
43;4;VILLA LA ANGOSTURA;58070019;LA LIPELA;f;;PARAJE;"SRID=900913;POINT(-7916247.36405335 -4985214.46615109)";POINT(-71.112860 -40.815830);paraje;58;070;000;HOSP.VILLA LA ANGOSTURA;LA LIPELA
34;3;LAS OVEJAS;58077029;LA MATANSILLA;t;;PARAJE;"SRID=900913;POINT(-7865829.87609872 -4391943.49064035)";POINT(-70.659952 -36.660886);paraje;58;077;000;HOSP.LAS OVEJAS;LA MATANCILLA
44;4;LAS COLORADAS;58021031;LA NEGRA;f;;PARAJE;"SRID=900913;POINT(-7830356.58454199 -4800297.0699306)";POINT(-70.341290 -39.546770);paraje;58;021;000;HOSP.LAS COLORADAS;LA NEGRA
42;2;ALUMINE;58007041;LA PASTO VERDE;t;;PARAJE;"SRID=900913;POINT(-7894606.85496456 -4755500.09122165)";POINT(-70.918460 -39.235770);paraje;;;;;
23;2;BAJADA DEL AGRIO;58105018;LA PATAGONIA;f;;PARAJE;"SRID=900913;POINT(-7761355.19817378 -4649798.31360152)";POINT(-69.725522 -38.517412);paraje;;;;;
21;2;MARIANO MORENO;58112057;LA PATAGONIA;t;;PARAJE;"SRID=900913;POINT(-7761809.59496838 -4652778.79207572)";POINT(-69.721440 -38.496460);paraje;58;105;000;HOSP.MARIANO MORENO;LA PATAGONIA
21;2;MARIANO MORENO;58105019;LA PATRIA;f;;PARAJE;"SRID=900913;POINT(-7770040.34484547 -4664088.64308836)";POINT(-69.799460 -38.596860);paraje;58;112;000;HOSP.MARIANO MORENO;LA PATRIA
16;5;PIEDRA DEL AGUILA;58021032;LA PICAZA;f;;PARAJE;"SRID=900913;POINT(-7805469.99918024 -4808565.29740815)";POINT(-70.117730 -39.604020);paraje;58;021;000;HOSP.PIEDRA DEL AGUILA;LA PICAZA
22;2;LAS LAJAS;58105020;LA PORTEÑA;f;;PARAJE;"SRID=900913;POINT(-7829094.22151639 -4659823.65214913)";POINT(-70.329950 -38.566910);paraje;;;;;
33;3;ANDACOLLO;58077030;LA PRIMAVERA;t;;PARAJE;"SRID=900913;POINT(-7860866.70749088 -4474450.9256993)";POINT(-70.615367 -37.253145);paraje;58;077;000;HOSP.ANDACOLLO;LA PRIMAVERA
30;3;CHOS MALAL;58042022;LA SALADA;t;;PARAJE;"SRID=900913;POINT(-7819304.20842187 -4480484.44539432)";POINT(-70.242005 -37.296274);paraje;58;042;000;HOSP.CHOS MALAL;LA SALADA
40;4;SAN MARTIN DE LOS ANDES;58056020;LAGO HERMOSO;t;;PARAJE;"SRID=900913;POINT(-7952401.37406327 -4921266.33188919)";POINT(-71.437637 -40.379650);paraje;58;056;000;HOSP.SAN MARTIN DE LOS ANDES;LAGO HERMOSO
40;4;SAN MARTIN DE LOS ANDES;58056021;LAGO LOLOG;t;;PARAJE;"SRID=900913;POINT(-7941946.13621559 -4880530.21686682)";POINT(-71.343716 -40.100313);paraje;58;056;000;HOSP.SAN MARTIN DE LOS ANDES;LAGO LOLOG
40;4;SAN MARTIN DE LOS ANDES;58056022;LAGO MELIQUINA;f;;PARAJE;"SRID=900913;POINT(-7936292.32245892 -4915124.79098112)";POINT(-71.292927 -40.337610);paraje;;;;;
19;1;SAN PATRICIO DEL CHAÑAR;58014030;LAGO MOQUEHUE;t;;PARAJE;"SRID=900913;POINT(-7602928.63846155 -4668091.80550052)";POINT(-68.298270 -38.624960);paraje;;;;;
32;3;BUTA RANQUIL;58091025;LAGUNA AUQUINCO;t;;PARAJE;"SRID=900913;POINT(-7789952.06216044 -4489861.38794134)";POINT(-69.978330 -37.363254);paraje;;;;;
20;2;ZAPALA;58112022;LAGUNA BLANCA;f;;PARAJE;"SRID=900913;POINT(-7834102.48540718 -4723459.38318741)";POINT(-70.374940 -39.012480);paraje;58;112;000;HOSP.ZAPALA;LAGUNA BLANCA
20;2;ZAPALA;58112024;LAGUNA MIRANDA;t;;PARAJE;"SRID=900913;POINT(-7816053.35129553 -4711200.38971699)";POINT(-70.212802 -38.926861);paraje;58;112;000;HOSP.ZAPALA;LAGUNA MIRANDA
21;2;MARIANO MORENO;58112025;LAGUNA SOLITARIA;f;;PARAJE;"SRID=900913;POINT(-7814409.61085772 -4694854.76666673)";POINT(-70.198036 -38.812538);paraje;;;;;
20;2;ZAPALA;58021034;LAPA;f;;PARAJE;"SRID=900913;POINT(-7840083.6816475 -4777631.63535282)";POINT(-70.428670 -39.389590);paraje;;;;;
20;2;LAS COLORADAS;58021036;LAS COLORADAS;t;58021010;LOCALIDAD SIMPLE;"SRID=900913;POINT(-7802393.62475237 -4753545.83513209)";POINT(-70.090094 -39.222171);municipio 3;58;021;010;HOSP.LAS COLORADAS;LAS COLORADAS
20;2;ZAPALA;58021037;LAS CORTADERAS;t;;PARAJE;"SRID=900913;POINT(-7808857.16600108 -4776129.96594593)";POINT(-70.148157 -39.379164);paraje;;;;;
22;2;LAS LAJAS;58105021;LAS LAJAS;t;58105030;LOCALIDAD SIMPLE;"SRID=900913;POINT(-7832639.57951393 -4653940.28752347)";POINT(-70.361798 -38.525575);municipio 2;58;105;030;HOSP.LAS LAJAS;LAS LAJAS
34;3;LAS OVEJAS;58077032;LAS OVEJAS;t;58077030;LOCALIDAD SIMPLE;"SRID=900913;POINT(-7875680.85797973 -4437517.19708064)";POINT(-70.748445 -36.988595);municipio 3;58;077;030;HOSP.LAS OVEJAS;LAS OVEJAS
30;3;CHOS MALAL;58042024;LEUTO CABALLO;t;;PARAJE;"SRID=900913;POINT(-7822785.46034625 -4479556.6173823)";POINT(-70.273277 -37.289643);paraje;;;;;
33;3;ANDACOLLO;58077034;LILEO;t;;PARAJE;"SRID=900913;POINT(-7898117.87173474 -4467020.99363245)";POINT(-70.950000 -37.200000);paraje;58;077;000;HOSP.ANDACOLLO;LILEO
17;5;PICUN LEUFU;58098009;LIMAY CENTRO;t;;PARAJE;"SRID=900913;POINT(-7761166.4745459 -4772173.20531155)";POINT(-69.719745 -39.351684);paraje;58;098;000;HOSP.PICUN LEUFU;LIMAY CENTRO
41;4;JUNIN DE LOS ANDES;58049016;LOLOG;f;;PARAJE;"SRID=900913;POINT(-7941750.65939409 -4871098.02278417)";POINT(-71.341960 -40.035470);paraje;;;;;
08;1;AÑELO;58035019;LOMA DE LA LATA;f;;PARAJE;"SRID=900913;POINT(-7650256.11997227 -4637343.27894789)";POINT(-68.723420 -38.408840);paraje;;;;;
42;2;ALUMINE;58007035;LONCO LUAN;t;;PARAJE;"SRID=900913;POINT(-7908661.49357883 -4717501.95980881)";POINT(-71.044715 -38.970885);paraje;58;007;000;HOSP.ALUMINE;LONCO LUAN
42;2;ALUMINE;58049017;LONCO LUAN;f;;PARAJE;"SRID=900913;POINT(-7909023.38088067 -4717347.73599349)";POINT(-70.080741 -38.898165);paraje;;;;;
20;2;ZAPALA;58112058;LONCO LUAN;t;;PARAJE;"SRID=900913;POINT(-7801352.3671581 -4707095.12063505)";POINT(-71.047966 -38.969808);paraje;;;;;
42;2;ALUMINE;58007037;LONCO MULA;t;;PARAJE;"SRID=900913;POINT(-7905904.89998947 -4722726.3280523)";POINT(-71.019952 -39.007363);paraje;;;;;
32;3;BUTA RANQUIL;58042027;LONCO VACA;f;;PARAJE;"SRID=900913;POINT(-7817828.68904811 -4354429.38350876)";POINT(-70.228750 -36.390080);paraje;;;;;
24;2;LONCOPUE;58063018;LONCOPUE;t;58063020;LOCALIDAD SIMPLE;"SRID=900913;POINT(-7862703.14101245 -4587287.03332594)";POINT(-70.631864 -38.055627);municipio 2;58;063;020;HOSP.LONCOPUE;LONCOPUE
21;2;MARIANO MORENO;58105025;LOS ALAZANES;t;;PARAJE;"SRID=900913;POINT(-7818068.65001807 -4690321.67342298)";POINT(-70.230906 -38.780801);paraje;58;112;000;HOSP.MARIANO MORENO;LOS ALAZANES
33;3;ANDACOLLO;58077035;LOS CARRIZOS;t;;PARAJE;"SRID=900913;POINT(-7884335.51691169 -4460841.69389275)";POINT(-70.826191 -37.155772);paraje;58;077;000;HOSP.ANDACOLLO;LOS CARRIZOS
20;2;ZAPALA;58112029;LOS CATUTOS;t;58112010;LOCALIDAD SIMPLE;"SRID=900913;POINT(-7817095.18992357 -4701285.71808861)";POINT(-70.222161 -38.857539);comision de fomento;58;112;010;HOSP.ZAPALA;LOS CATUTOS
33;3;ANDACOLLO;58077036;LOS CHACAYES;t;;PARAJE;"SRID=900913;POINT(-7880938.25865825 -4467059.00514676)";POINT(-70.795673 -37.200272);paraje;58;077;000;HOSP.ANDACOLLO;LOS CHACAYES
08;1;AÑELO;58014022;LOS CHIHUIDOS;t;;PARAJE;"SRID=900913;POINT(-7741155.83129015 -4602613.11672607)";POINT(-69.539986 -38.163955);comision de fomento;58;014;000;C.S.AÑELO;LOS CHIHUIDOS
41;4;JUNIN DE LOS ANDES;58049018;LOS HELECHOS;f;;PARAJE;"SRID=900913;POINT(-7938524.6205509 -4828791.67547519)";POINT(-71.312980 -39.743870);paraje;;;;;
21;2;MARIANO MORENO;58112030;LOS HORNOS;t;;PARAJE;"SRID=900913;POINT(-7791755.07471393 -4681300.61798097)";POINT(-69.994527 -38.717601);paraje;58;105;000;HOSP.MARIANO MORENO;LOS HORNOS
30;3;CHOS MALAL;58042030;LOS MENUCOS;t;;PARAJE;"SRID=900913;POINT(-7836892.15183488 -4462693.37175123)";POINT(-70.400000 -37.169028);paraje;;;;;
33;3;ANDACOLLO;58077040;LOS MICHES;t;58077040;LOCALIDAD SIMPLE;"SRID=900913;POINT(-7885058.04330154 -4469284.81471951)";POINT(-70.832682 -37.216197);municipio 3;58;077;040;HOSP.ANDACOLLO;LOS MICHES
31;3;TRICAO MALAL;58042031;LOS MOLLES;f;;PARAJE;"SRID=900913;POINT(-7841422.85512175 -4431100.62772249)";POINT(-70.440700 -36.942540);paraje;;;;;
44;4;LAS COLORADAS;58021039;LOS REMOLINOS;f;;PARAJE;"SRID=900913;POINT(-7871402.30718728 -4829952.84388223)";POINT(-70.710010 -39.751890);paraje;58;021;000;HOSP.LAS COLORADAS;LOS REMOLINOS
41;4;JUNIN DE LOS ANDES;58049019;MALLEO;f;;PARAJE;"SRID=900913;POINT(-7907937.36406564 -4832995.39876546)";POINT(-71.038210 -39.772900);paraje;58;049;000;HOSP.JUNIN DE LOS ANDES;MALLEO
21;2;MARIANO MORENO;58105028;MALLIN DE LOS CABALLOS;t;;PARAJE;"SRID=900913;POINT(-7819301.52732892 -4678773.38085832)";POINT(-70.241981 -38.699885);paraje;58;105;000;HOSP.MARIANO MORENO;MALLIN DE LOS CABALLOS
20;2;ZAPALA;58112032;MALLIN DEL MUERTO;f;;PARAJE;"SRID=900913;POINT(-7802393.12845472 -4697119.6383737)";POINT(-70.090090 -38.828390);paraje;;;;;
21;2;MARIANO MORENO;58105029;MALLIN DEL RUBIO;f;;PARAJE;"SRID=900913;POINT(-7819664.34745129 -4673734.5112001)";POINT(-70.245240 -38.664550);paraje;;;;;
24;2;LONCOPUE;58063020;MALLIN DEL TORO;t;;PARAJE;"SRID=900913;POINT(-7875844.87075091 -4586489.50086453)";POINT(-70.749918 -38.049986);paraje;58;063;000;HOSP.LONCOPUE;MALLIN DEL TORO
22;2;LAS LAJAS;58105032;MALLIN QUEMADO;t;;PARAJE;"SRID=900913;POINT(-7808287.56408788 -4659396.54013756)";POINT(-70.143041 -38.563910);paraje;58;105;000;HOSP.LAS LAJAS;MALLIN QUEMADO
41;4;JUNIN DE LOS ANDES;58049020;MAMUIL MALAL;f;;PARAJE;"SRID=900913;POINT(-7933675.54353195 -4816072.55365926)";POINT(-71.269420 -39.655960);paraje;;;;;
34;3;LAS OVEJAS;58077043;MANZANO AMARGO;t;58077050;LOCALIDAD SIMPLE;"SRID=900913;POINT(-7880936.48758903 -4387416.50329412)";POINT(-70.795657 -36.628257);comision de fomento;58;077;050;HOSP.LAS OVEJAS;MANZANO AMARGO
05;5;CUTRALCO-PLAZA H.;58035021;MARI MENUCO;f;58035060;LOCALIDAD SIMPLE;"SRID=900913;POINT(-7632247.65450048 -4656092.343503)";POINT(-68.561647 -38.540697);paraje;;;;;
21;2;MARIANO MORENO;58112033;MARIANO MORENO;t;58112020;ENTIDAD;"SRID=900913;POINT(-7795539.78329156 -4685241.58471848)";POINT(-70.028525 -38.745217);municipio 2;58;112;020;HOSP.MARIANO MORENO;MARIANO MORENO
44;4;LAS COLORADAS;58021041;MEDIA LUNA;t;;PARAJE;"SRID=900913;POINT(-7842156.10934737 -4786557.70862522)";POINT(-70.447287 -39.451533);paraje;58;021;000;HOSP.LAS COLORADAS;MEDIA LUNA
42;2;ALUMINE;58007021;MOQUEHUE;t;;PARAJE;"SRID=900913;POINT(-7940229.44012528 -4713536.4084945)";POINT(-71.328295 -38.943184);paraje;58;007;000;HOSP.ALUMINE;MOQUEHUE
43;4;VILLA LA ANGOSTURA;58070022;NAHUEL HUAPI;f;;PARAJE;"SRID=900913;POINT(-7920178.05527326 -5018253.77746547)";POINT(-71.148170 -41.040070);paraje;58;070;000;HOSP.VILLA LA ANGOSTURA;NAHUEL HUAPI
41;4;JUNIN DE LOS ANDES;58049037;NAHUEL MAPE;f;;PARAJE;"SRID=900913;POINT(-7914135.29266997 -4809327.85501019)";POINT(-71.093887 -39.609298);paraje;;;;;
41;4;JUNIN DE LOS ANDES;58049041;NAHUEL MAPE ARRIBA;t;;PARAJE;"SRID=900913;POINT(-7915716.12359639 -4807570.3752836)";POINT(-71.108088 -39.597134);paraje;;;;;
41;4;JUNIN DE LOS ANDES;58049040;NAHUEL MAPI ABAJO;t;;PARAJE;"SRID=900913;POINT(-7908828.25436289 -4809732.34950672)";POINT(-71.046213 -39.612097);paraje;;;;;
30;3;CHOS MALAL;58084027;NAUNAUCO;t;;PARAJE;"SRID=900913;POINT(-7812759.97995549 -4525417.061254)";POINT(-70.183217 -37.616686);paraje;58;084;000;HOSP.CHOS MALAL;NAUNAUCO
99;0;NEUQUEN CAPITAL;58035022;NEUQUEN;t;58035070;COMPONENTE;"SRID=900913;POINT(-7576381.30397093 -4716361.87995072)";POINT(-68.059791 -38.962922);municipio 1;;;;;
20;2;ZAPALA;58112053;ÑIRECO;t;;PARAJE;"SRID=900913;POINT(-7837217.55101303 -4736402.28969353)";POINT(-70.402923 -39.102764);paraje;58;112;000;HOSP.ZAPALA;ÑIRECO
20;2;ZAPALA;58021048;ÑIRECO;f;;PARAJE;"SRID=900913;POINT(-7837919.63074648 -4736513.65964951)";POINT(-70.409230 -39.103540);paraje;;;;;
25;2;EL HUECU;58084044;ÑORQUIN;f;;PARAJE;"SRID=900913;POINT(-7863052.23218288 -4540921.67688634)";POINT(-70.635000 -37.726930);paraje;;;;;
18;1;RINCON DE LOS SAUCES;58091029;OCTAVIO PICO;t;58091030;LOCALIDAD SIMPLE;"SRID=900913;POINT(-7599936.48637729 -4522292.4130456)";POINT(-68.271391 -37.594449);comision de fomento;58;091;030;HOSP.RINCON DE LOS SAUCES;OCTAVIO PICO
41;4;JUNIN DE LOS ANDES;58049023;PAIMUN;t;;PARAJE;"SRID=900913;POINT(-7972402.70364462 -4823670.53704264)";POINT(-71.617312 -39.708488);paraje;58;049;000;HOSP.JUNIN DE LOS ANDES;PAIMUN
41;4;JUNIN DE LOS ANDES;58049026;PAMPA DEL MALLEO;t;;PARAJE;"SRID=900913;POINT(-7907393.43237936 -4833211.19912371)";POINT(-71.033324 -39.774390);paraje;;;;;
25;2;EL HUECU;58084031;PARAJE LA Y;t;;PARAJE;"SRID=900913;POINT(-7864615.42165549 -4544094.47371159)";POINT(-70.649042 -37.749470);paraje;;;;;
17;5;PICUN LEUFU;58098012;PASO AGUERRE;t;58098010;LOCALIDAD SIMPLE;"SRID=900913;POINT(-7770899.13758908 -4768566.03552635)";POINT(-69.807175 -39.326623);comision de fomento;58;098;010;HOSP.PICUN LEUFU;PASO AGUERRE
05;5;CUTRALCO-PLAZA H.;58112039;PASO DE LOS INDIOS;t;;PARAJE;"SRID=900913;POINT(-7731057.56272745 -4655769.57994433)";POINT(-69.449272 -38.538430);paraje;58;112;000;HOSP.C.CO-PZA HUINCUL;PASO DE LOS INDIOS
16;5;PIEDRA DEL AGUILA;58028026;PASO YUNCON;t;;PARAJE;"SRID=900913;POINT(-7801640.94263857 -4907201.28716436)";POINT(-70.083333 -40.283333);paraje;58;028;000;HOSP.PIEDRA DEL AGUILA;PASO YUCON
24;2;LONCOPUE;58063029;PICHAIHUE;t;;PARAJE;"SRID=900913;POINT(-7833240.0036838 -4562731.14053673)";POINT(-70.367192 -37.881726);paraje;58;084;000;HOSP.LONCOPUE;PICHAIHUE
34;3;LAS OVEJAS;58077047;PICHI NEUQUEN;t;;PARAJE;"SRID=900913;POINT(-7882345.44658862 -4390051.7181032)";POINT(-70.808314 -36.647252);paraje;58;077;000;HOSP.LAS OVEJAS;PICHI NEUQUEN
17;5;PICUN LEUFU;58098013;PICUN LEUFU;t;58098020;LOCALIDAD SIMPLE;"SRID=900913;POINT(-7712832.62460714 -4796113.39180803)";POINT(-69.285554 -39.517784);municipio 2;58;098;020;HOSP.PICUN LEUFU;PICUN LEUFU
16;5;PIEDRA DEL AGUILA;58028018;PIEDRA DEL AGUILA;t;58028010;LOCALIDAD SIMPLE;"SRID=900913;POINT(-7800400.89043215 -4872707.55758173)";POINT(-70.072193 -40.046539);municipio 2;58;028;010;HOSP.PIEDRA DEL AGUILA;PIEDRA DEL AGUILA
16;5;PIEDRA DEL AGUILA;58028024;PIEDRA PINTADA;t;;PARAJE;"SRID=900913;POINT(-7832593.29392485 -4887666.34434265)";POINT(-70.361383 -40.149330);paraje;58;028;000;HOSP.PIEDRA DEL AGUILA;PIEDRA PINTADA
41;4;JUNIN DE LOS ANDES;58021045;PILOLIL;t;;PARAJE;"SRID=900913;POINT(-7898185.27618181 -4817545.21721711)";POINT(-70.950606 -39.666144);comision de fomento;58;049;010;HOSP.JUNIN DE LOS ANDES;PILO LIL
40;4;SAN MARTIN DE LOS ANDES;58056030;PIL-PIL;t;;PARAJE;"SRID=900913;POINT(-7947560.41455582 -4891935.87674282)";POINT(-71.394150 -40.178640);paraje;58;056;000;HOSP.SAN MARTIN DE LOS ANDES;PIL PIL
42;2;ALUMINE;58105036;PINO HACHADO;f;;PARAJE;"SRID=900913;POINT(-7884208.50140814 -4673791.53853756)";POINT(-70.825050 -38.664950);paraje;;;;;
05;5;CUTRALCO-PLAZA H.;58035026;PLAZA HUINCUL;t;58035090;COMPONENTE;"SRID=900913;POINT(-7701433.65671401 -4711818.07606472)";POINT(-69.183156 -38.931177);municipio 1;58;035;090;HOSP.C.CO-PZA HUINCUL;PLAZA HUINCUL
42;2;ALUMINE;58007025;POI-PUCON;t;;PARAJE;"SRID=900913;POINT(-7925311.69224896 -4702050.24491405)";POINT(-71.194286 -38.862887);paraje;58;007;000;HOSP.ALUMINE;POI PUCON
42;2;ALUMINE;58105037;PRIMEROS PINOS;f;;PARAJE;"SRID=900913;POINT(-7856036.87787309 -4703158.76511015)";POINT(-70.571980 -38.870640);paraje;;;;;
40;4;SAN MARTIN DE LOS ANDES;58056032;PUENTE BLANCO;t;;PARAJE;"SRID=900913;POINT(-7972973.03246072 -4896820.64826973)";POINT(-71.622435 -40.212159);paraje;58;056;000;HOSP.SAN MARTIN DE LOS ANDES;PUENTE BLANCO
20;2;ZAPALA;58112041;PUENTE PICUN LEUFU;t;;PARAJE;"SRID=900913;POINT(-7802254.86963471 -4753623.54983676)";POINT(-70.088848 -39.222712);comision de fomento;58;112;000;HOSP.ZAPALA;PUENTE PICUN LEUFU
20;2;ZAPALA;58021046;PUENTE PICUN LEUFU;t;;PARAJE;"SRID=900913;POINT(-7840869.59722463 -4745610.57362289)";POINT(-70.435730 -39.166926);paraje;;;;;
40;4;SAN MARTIN DE LOS ANDES;58056034;QUECHUQUINA;t;;PARAJE;"SRID=900913;POINT(-7967227.23805704 -4888375.57008578)";POINT(-71.570820 -40.154200);paraje;58;056;000;HOSP.SAN MARTIN DE LOS ANDES;QUECHU QUINA
40;4;SAN MARTIN DE LOS ANDES;58056036;QUILA-QUINA;t;;PARAJE;"SRID=900913;POINT(-7953517.60113262 -4894827.75174966)";POINT(-71.447664 -40.198486);paraje;58;056;000;HOSP.SAN MARTIN DE LOS ANDES;QUILA QUINA
42;2;ALUMINE;58007034;QUILCA;t;;PARAJE;"SRID=900913;POINT(-7885130.56068844 -4714512.03011193)";POINT(-70.833333 -38.950000);paraje;58;007;000;HOSP.ALUMINE;QUILCA
23;2;BAJADA DEL AGRIO;58105040;QUILI MALAL;t;58105040;LOCALIDAD SIMPLE;"SRID=900913;POINT(-7767705.48969978 -4627762.397975)";POINT(-69.778486 -38.341367);comision de fomento;58;105;040;HOSP.BAJADA DEL AGRIO;QUILI MALAL
42;2;ALUMINE;58007028;QUILLEN;f;;PARAJE;"SRID=900913;POINT(-7910675.82353915 -4775596.58656584)";POINT(-71.062810 -39.375460);paraje;58;007;000;HOSP.ALUMINE;QUILLEN
24;2;LONCOPUE;58063034;QUINTUCO;t;;PARAJE;"SRID=900913;POINT(-7832240.8927566 -4603236.7640183)";POINT(-70.358217 -38.168360);paraje;;;;;
42;2;ALUMINE;58007029;RAHUE;f;;PARAJE;"SRID=900913;POINT(-7892859.13903769 -4775518.82217293)";POINT(-70.902760 -39.374920);paraje;58;007;000;HOSP.ALUMINE;RAHUE
30;3;CHOS MALAL;58084034;RAHUECO;f;;PARAJE;"SRID=900913;POINT(-7837317.39230129 -4493393.71055389)";POINT(-70.403820 -37.388470);paraje;58;084;000;HOSP.CHOS MALAL;RAHUECO
20;2;ZAPALA;58112043;RAMON M. CASTRO;t;58112030;LOCALIDAD SIMPLE;"SRID=900913;POINT(-7765551.91308748 -4701849.26504627)";POINT(-69.759140 -38.861481);comision de fomento;58;112;030;HOSP.ZAPALA;RAMON CASTRO
32;3;BUTA RANQUIL;58091034;RANQUIL VEGA;t;;PARAJE;"SRID=900913;POINT(-7767274.82959745 -4448822.10138568)";POINT(-69.774617 -37.069668);paraje;58;091;000;HOSP.BUTA RANQUIL;RANQUIL VEGA
35;3;EL CHOLAR;58084035;RANQUILCO;f;;PARAJE;"SRID=900913;POINT(-7884019.25827379 -4516064.94634971)";POINT(-70.823350 -37.550110);paraje;58;084;000;HOSP.EL CHOLAR;RANQUILCO
25;2;EL HUECU;58084036;RANQUILON;t;;PARAJE;"SRID=900913;POINT(-7849870.02819732 -4548861.05720388)";POINT(-70.516582 -37.783319);paraje;58;084;000;HOSP.EL HUECU;RANQUILON
18;1;RINCON DE LOS SAUCES;58091036;RINCON DE LOS SAUCES;t;58091040;LOCALIDAD SIMPLE;"SRID=900913;POINT(-7672410.04378828 -4493411.62885923)";POINT(-68.922432 -37.388598);municipio 1;58;091;040;HOSP.RINCON DE LOS SAUCES;RINCON DE LOS SAUCES
42;2;ALUMINE;58007031;RUCA-CHOROI;t;;PARAJE;"SRID=900913;POINT(-7913503.91489481 -4757258.30666089)";POINT(-71.088215 -39.248002);paraje;58;007;000;HOSP.ALUMINE;RUCA CHOROY
42;2;ALUMINE;58007039;SAIHUEQUE CACIQUE;t;;PARAJE;"SRID=900913;POINT(-7894476.18081384 -4755234.53955321)";POINT(-70.917286 -39.233922);paraje;;;;;
41;4;JUNIN DE LOS ANDES;58049031;SAN CABAO;t;;PARAJE;"SRID=900913;POINT(-7961109.09208969 -4828451.95781615)";POINT(-71.515860 -39.741523);paraje;;;;;
22;2;LAS LAJAS;58105044;SAN DEMETRIO;t;;PARAJE;"SRID=900913;POINT(-7829948.46095473 -4653833.4229452)";POINT(-70.337624 -38.524824);paraje;58;105;000;HOSP.LAS LAJAS;SAN DEMETRIO
41;4;JUNIN DE LOS ANDES;58028025;SAN IGNACIO;t;;PARAJE;"SRID=900913;POINT(-7876293.29752726 -4853608.50060512)";POINT(-70.753947 -39.915072);paraje;58;049;000;HOSP.JUNIN DE LOS ANDES;SAN IGNACIO
41;4;JUNIN DE LOS ANDES;58049032;SAN IGNACIO;f;;PARAJE;"SRID=900913;POINT(-7876277.72443603 -4853352.52787763)";POINT(-70.753807 -39.913309);paraje;;;;;
40;4;SAN MARTIN DE LOS ANDES;58056038;SAN MARTIN DE LOS ANDES;t;58056010;LOCALIDAD SIMPLE;"SRID=900913;POINT(-7943001.01654252 -4888557.29339203)";POINT(-71.353192 -40.155448);municipio 1;58;056;010;HOSP.SAN MARTIN DE LOS ANDES;SAN MARTIN DE LOS ANDES
19;1;SAN PATRICIO DEL CHAÑAR;58014027;SAN PATRICIO DEL CHAÑAR;t;58014020;LOCALIDAD SIMPLE;"SRID=900913;POINT(-7602928.95104216 -4668091.98407202)";POINT(-68.298273 -38.624961);municipio 1;58;014;020;HOSP.SAN PATRICIO DEL CHA¥AR;SAN PATRICIO DEL CHAÑAR
20;2;ZAPALA;58112044;SANTO DOMINGO;t;;PARAJE;"SRID=900913;POINT(-7770940.2756075 -4708403.13929719)";POINT(-69.807544 -38.907310);paraje;58;112;000;HOSP.ZAPALA;SANTO DOMINGO
20;2;ZAPALA;58112047;SANTO DOMINGO CENTRO;f;;PARAJE;"SRID=900913;POINT(-7770940.1208253 -4708403.30836974)";POINT(-69.807543 -38.907311);paraje;;;;;
16;5;PIEDRA DEL AGUILA;58028019;SANTO TOMAS;t;58028020;LOCALIDAD SIMPLE;"SRID=900913;POINT(-7800831.74050587 -4845489.44247606)";POINT(-70.076064 -39.859109);comision de fomento;58;028;020;HOSP.PIEDRA DEL AGUILA;SANTO TOMAS
16;5;PIEDRA DEL AGUILA;58028020;SAÑICO;t;;PARAJE;"SRID=900913;POINT(-7838747.51376543 -4882910.52177714)";POINT(-70.416667 -40.116667);paraje;58;028;000;HOSP.PIEDRA DEL AGUILA;SAÑICO
05;5;CUTRALCO-PLAZA H.;58035035;SAUZAL BONITO;t;;PARAJE;"SRID=900913;POINT(-7688887.32784217 -4663042.36139985)";POINT(-69.070450 -38.589514);comision de fomento;58;035;000;HOSP.C.CO-PZA HUINCUL;SAUZAL BONITO
10;1;SENILLOSA;58035036;SENILLOSA;t;58035110;LOCALIDAD SIMPLE;"SRID=900913;POINT(-7617120.61345664 -4723656.14406258)";POINT(-68.425759 -39.013853);municipio 1;58;035;110;HOSP.SENILLOSA;SENILLOSA
32;3;BUTA RANQUIL;58091039;SIERRA DE HUANTRAICO;t;;PARAJE;"SRID=900913;POINT(-7767809.89087218 -4498601.35121769)";POINT(-69.779423 -37.425630);paraje;;;;;
30;3;CHOS MALAL;58084037;TAQUIMILAN;t;58084050;LOCALIDAD SIMPLE;"SRID=900913;POINT(-7820302.67597624 -4511770.78088215)";POINT(-70.250974 -37.519521);municipio 3;58;084;050;HOSP.CHOS MALAL;TAQUIMILAN
30;3;CHOS MALAL;58084045;TAQUIMILAN ARRIBA;f;;PARAJE;"SRID=900913;POINT(-7829795.53430839 -4523048.43353613)";POINT(-70.336250 -37.599830);paraje;58;084;050;HOSP.CHOS MALAL;TAQUIMILAN
30;3;CHOS MALAL;58084047;TAQUIMILAN CENTRO;t;;PARAJE;"SRID=900913;POINT(-7824836.06821772 -4517993.38844906)";POINT(-70.291698 -37.563843);paraje;;;;;
33;3;ANDACOLLO;58077051;TIERRAS BLANCAS;t;;PARAJE;"SRID=900913;POINT(-7874912.8131918 -4466227.86251844)";POINT(-70.741545 -37.194325);paraje;58;077;000;HOSP.ANDACOLLO;TIERRAS BLANCAS
30;3;CHOS MALAL;58042038;TILHUE;f;;PARAJE;"SRID=900913;POINT(-7802351.81182148 -4493064.28164051)";POINT(-70.089719 -37.386119);paraje;58;042;000;HOSP.CHOS MALAL;TILHUE
43;4;VILLA LA ANGOSTURA;58070035;TRAFUL;f;;PARAJE;"SRID=900913;POINT(-7928573.77126889 -4967239.02742405)";POINT(-71.223590 -40.693510);comision de fomento;58;070;020;HOSP.VILLA LA ANGOSTURA;TRAFUL
24;2;LONCOPUE;58063036;TRAHUNCURA;t;;PARAJE;"SRID=900913;POINT(-7817706.70962098 -4578526.60514326)";POINT(-70.227654 -37.993634);paraje;58;063;000;HOSP.LONCOPUE;TRAUNCURA
30;3;CHOS MALAL;58084038;TRAILATUE;t;;PARAJE;"SRID=900913;POINT(-7831320.95689034 -4527755.13138684)";POINT(-70.349953 -37.633321);paraje;58;084;000;HOSP.CHOS MALAL;TRALAITUE
30;3;CHOS MALAL;58084039;TRES CHORROS;t;;PARAJE;"SRID=900913;POINT(-7834720.75214905 -4510244.09542601)";POINT(-70.380494 -37.508642);paraje;58;084;000;HOSP.CHOS MALAL;TRES CHORROS
31;3;TRICAO MALAL;58042039;TRICAO MALAL;t;58042020;LOCALIDAD SIMPLE;"SRID=900913;POINT(-7829470.81534498 -4446078.43585898)";POINT(-70.333333 -37.050000);municipio 3;58;042;020;HOSP.TRICAO MALAL;TRICAO MALAL
40;4;SAN MARTIN DE LOS ANDES;58056040;TROMPUL (RAI);t;;PARAJE;"SRID=900913;POINT(-7948034.72566295 -4884398.03443564)";POINT(-71.398411 -40.126885);paraje;58;056;000;HOSP.SAN MARTIN DE LOS ANDES;TROMPUL
34;3;LAS OVEJAS;58077052;VARVARCO;t;58077060;LOCALIDAD SIMPLE;"SRID=900913;POINT(-7868093.55794161 -4409414.71164808)";POINT(-70.680287 -36.786683);comision de fomento;58;077;060;HOSP.LAS OVEJAS;VARVARCO
23;2;BAJADA DEL AGRIO;58105046;VILLA DEL AGRIO;t;;PARAJE;"SRID=900913;POINT(-7792498.10654518 -4637152.97705237)";POINT(-70.001202 -38.407500);paraje;58;105;000;HOSP.BAJADA DEL AGRIO;VIILLA DEL AGRIO
31;3;TRICAO MALAL;58042040;VILLA DEL CURI LEUVU;f;58042030;LOCALIDAD SIMPLE;"SRID=900913;POINT(-7836547.45479735 -4458085.29325504)";POINT(-70.396904 -37.136035);comision de fomento;58;042;030;HOSP.TRICAO MALAL;VILLA CURI LEUVU
09;1;CHOCON;58035037;VILLA EL CHOCON;t;58035120;LOCALIDAD SIMPLE;"SRID=900913;POINT(-7654210.4448552 -4758989.18505883)";POINT(-68.758942 -39.260043);municipio 3;58;035;050;HOSP.EL CHOCON;EL CHOCON
43;4;VILLA LA ANGOSTURA;58070037;VILLA LA ANGOSTURA;t;58070010;LOCALIDAD SIMPLE;"SRID=900913;POINT(-7977345.76847291 -4978552.91402392)";POINT(-71.661716 -40.770525);municipio 1;58;070;010;HOSP.VILLA LA ANGOSTURA;VILLA LA ANGOSTURA
42;2;ALUMINE;58007032;VILLA PEHUENIA;t;58007020;LOCALIDAD SIMPLE;"SRID=900913;POINT(-7922375.46495714 -4705758.37331189)";POINT(-71.167910 -38.888819);municipio 3;58;007;020;HOSP.ALUMINE;VILLA PEHUENIA
16;5;PIEDRA DEL AGUILA;58028021;VILLA PICHI PICUN LEUFU;f;;PARAJE;"SRID=900913;POINT(-7791272.31132447 -4866615.1212977)";POINT(-69.990190 -40.004630);paraje;;;;;
16;5;PIEDRA DEL AGUILA;58028022;VILLA RINCON CHICO;f;;PARAJE;"SRID=900913;POINT(-7795495.77280517 -4889670.45410826)";POINT(-70.028130 -40.163090);paraje;;;;;
43;4;VILLA LA ANGOSTURA;58070039;VILLA TRAFUL;t;58070020;LOCALIDAD SIMPLE;"SRID=900913;POINT(-7947659.77217302 -4962646.55241959)";POINT(-71.395042 -40.662223);comision de fomento;58;070;020;HOSP.VILLA LA ANGOSTURA;TRAFUL
17;5;PICUN LEUFU;58098014;VILLA UNION;t;;PARAJE;"SRID=900913;POINT(-7725468.23948277 -4791992.62235444)";POINT(-69.399062 -39.489222);paraje;;;;;
35;3;EL CHOLAR;58084043;VILLU MALLIN;t;;PARAJE;"SRID=900913;POINT(-7877709.3355426 -4504355.31165449)";POINT(-70.766667 -37.466667);paraje;;;;;
13;1;CENTENARIO;58035038;VISTA ALEGRE NORTE;t;58035130;LOCALIDAD SIMPLE;"SRID=900913;POINT(-7588689.96314647 -4683707.74215194)";POINT(-68.170362 -38.734470);municipio 2;58;035;130;HOSP.CENTENARIO;VISTA ALEGRE NORTE
13;1;CENTENARIO;58035039;VISTA ALEGRE SUR;t;58035140;LOCALIDAD SIMPLE;"SRID=900913;POINT(-7584793.46859439 -4689062.47149047)";POINT(-68.135359 -38.771983);municipio 2;58;035;140;HOSP.CENTENARIO;VISTA ALEGRE SUR
16;5;PIEDRA DEL AGUILA;58028023;ZAINA YEGUA;t;;PARAJE;"SRID=900913;POINT(-7808389.96400883 -4895617.57112113)";POINT(-70.143960 -40.203905);paraje;58;028;000;HOSP.PIEDRA DEL AGUILA;ZAINA YEGUA
20;2;ZAPALA;58112051;ZAPALA;t;58112040;LOCALIDAD SIMPLE;"SRID=900913;POINT(-7799284.00874898 -4707116.78400893)";POINT(-70.062160 -38.898317);municipio 1;58;112;040;HOSP.ZAPALA;ZAPALA
14;1;PLOTTIER;58035027;PLOTTIER;t;58035100;COMPONENTE;"SRID=900913;POINT(-7595687.39947033 -4716901.40084644)";POINT(-68.233221 -38.966691);municipio 1;58;035;100;HOSP.PLOTTIER;PLOTTIER
